Model,k,Epoch,Tuned,Final RMSE,Best RMSE
UAutoRec1conf,5,170,TUNED,0.8737652082487515,0.8722411028204837
UAutoRec,32,170,TUNED,0.8739841610059013,0.8650091984730099
UAutoRec,32,170,,0.8741289750549928,0.8644925086078117
UAutoRec1conf,32,170,,0.875089061666284,0.8683910554368276
UAutoRec2confexp,32,170,,0.8678561493317193,0.8597078618731036
UAutoRec2confexp,100,200,TUNED,0.8617579891303498,0.8601875879147365
